matricula,link_foto
2026103130017,https://drive.google.com/uc?export=view&id=1a3sFTet9gIxYOX37o172wJGwwhzwrEot
2026103130029,https://drive.google.com/uc?export=view&id=188icbBtrZmGCFSSSHNaYcY_i-pVEZ33x
2026103130099,https://drive.google.com/uc?export=view&id=1mZ7MJe5mrFA6G78i1lLiPpHOVSVh2Edg
2026103130059,https://drive.google.com/uc?export=view&id=11SYniQ7DD7FjzKQtzLCfyAYzBvJmLL3u
2026103130120,https://drive.google.com/uc?export=view&id=1jKdSZMkIpwsOpTulTFY3qlnj50qGS_a8
2026103130130,https://drive.google.com/uc?export=view&id=1Jo2u5zJI2Cs38DmIgPzVrSX-tDkOMrrJ
2026103130036,https://drive.google.com/uc?export=view&id=1HBAd1CSW1M0D0_mnc-Td_Mga9DsqRrrV
2026103130083,https://drive.google.com/uc?export=view&id=1gS69AOcq2v7Bon9m60-06MaqlKSrLtQQ
2026103130035,https://drive.google.com/uc?export=view&id=1Y82Ef_rBLyQPCCTwp5HQ7H0UJV-ZyH28
2026103130032,https://drive.google.com/uc?export=view&id=
2026103130093,https://drive.google.com/uc?export=view&id=1FgnT9VM_h_cwEXs_Eo_xSpAePXXG1QZE
2026103130074,https://drive.google.com/uc?export=view&id=1bNKjW_rYIhOZYqEVZCpqZ7GXZzE8q_ss
2026103130025,https://drive.google.com/uc?export=view&id=1_uqNxLm8iByNeQz38zOG9gdAcZaczjjz
2026103130126,https://drive.google.com/uc?export=view&id=1R4Zt4CjuDRvkDpad6KLpgO1ncefpSPHR
2026103130133,https://drive.google.com/uc?export=view&id=1c7c5YX48fdXtGfpA5MuEYHsxwNhQTugR
2026103130070,https://drive.google.com/uc?export=view&id=1acBNcKRii7mq7_-XW3RTfdAEj9PNXean
251062600070,https://drive.google.com/uc?export=view&id=1brO9YbJMnw_YBXlmaDgvaQJB5Bth6jO5
2026103130072,https://drive.google.com/uc?export=view&id=116gHR5M7HKpfWWslLCTJRWKcZIIVSvM1
2026103130115,https://drive.google.com/uc?export=view&id=12xtufeEGAAY7r7bO60_FZhXklq3dwUUt
2026103130079,https://drive.google.com/uc?export=view&id=
2026103130117,https://drive.google.com/uc?export=view&id=1WXo2euNTl1G_YlLF82zMS5yCvi4shThJ
2026103130071,https://drive.google.com/uc?export=view&id=14qDYTLaIUyB1OiN4tQgBCl2v6cn-Y9pU
2026103130116,https://drive.google.com/uc?export=view&id=1b1yfgNsDB8q1Lkb6h9MKoxQt-UZCkOIX
2026103130098,https://drive.google.com/uc?export=view&id=1MxBQkii3eBzO49U8iKDrUtTsC5Qq-oHK
251062600039,https://drive.google.com/uc?export=view&id=1Y4tY8uqk3KFO3DFKcCs1nBp9hlDCMl30
2026103130004,https://drive.google.com/uc?export=view&id=1SjC5pabmgGxl5ZrcfIrTuLD6nXq1SdQW
2026103130094,https://drive.google.com/uc?export=view&id=1tjFagQ7oQGQEookr3xtv-t5MnvQRvGIt
2026103130033,https://drive.google.com/uc?export=view&id=1fh5QodY3RXCfi71u16-BaNDwAf_40m9C
2026103130118,https://drive.google.com/uc?export=view&id=
2026103130113,https://drive.google.com/uc?export=view&id=1_kMHRc-KhKRV6wLOTrZAkkMNijyJN3E4
2026103130026,https://drive.google.com/uc?export=view&id=1jgWHdnPW7Fsy1wdnfb2oQBlQ_vix5rCp
2026103130050,https://drive.google.com/uc?export=view&id=18qGp8rd79K6mK5dUywmB7kfzUGe4lvwm
2026103130009,https://drive.google.com/uc?export=view&id=1rbC-bbC9LDIU45BsLvz7fJox6cevisKa
2026103130088,https://drive.google.com/uc?export=view&id=1J_1U9TrYX30DgUZxzefvE-maOIwZtF15
2026103130137,https://drive.google.com/uc?export=view&id=1UO2l-NRzih_Kcjc6BQH94fxomvaPgGcA
2026103130063,https://drive.google.com/uc?export=view&id=1RpaZleL6wxSqbAqy8yngRFVUAy8oNF42
2026103130031,https://drive.google.com/uc?export=view&id=1iYETZXtvaVFsf34uY8wL98n-8RPWOih1
2026103130023,https://drive.google.com/uc?export=view&id=1L3_Bd0Ip6MIW50s2M5t7pWq1NU39ROy7
2026103130122,https://drive.google.com/uc?export=view&id=1jb5pI69WL8dx9juG8b8mWsBCCA3s5Lpl
2026103130114,https://drive.google.com/uc?export=view&id=14VJBxOvYigmsOLB61htod6TlPMFrdLDn
2026103130006,https://drive.google.com/uc?export=view&id=1EqNop9W5U4N0Z5lD6i9eG_p0qkI-IedM
2026103130046,https://drive.google.com/uc?export=view&id=1WBGeBtfhcfjHyqs2_T-uIfLoOwtNYL8o
2026103130110,https://drive.google.com/uc?export=view&id=1f_WyMtsHVNZqrO_9HIITSaFZcA7EmsJc
2026103130073,https://drive.google.com/uc?export=view&id=1uBiQFJjOFBJhkC8kX1tKrnbTQ9Jhm8bC
2026103130013,https://drive.google.com/uc?export=view&id=1uocRBua8Ps_L1BKU33HT7dIH0xRfaVXb
2026103130005,https://drive.google.com/uc?export=view&id=1hAa_LlZ6gHo-ffpROQUx_EMBSGbNfjYC
2026103130105,https://drive.google.com/uc?export=view&id=1oXSo5VIJypjsJOi2ozmyg-YSaiw-DMau
2026103130134,https://drive.google.com/uc?export=view&id=1D24ZRba6OBvlRrzdoqZZZ9p2JsAoXhlq
2026103130020,https://drive.google.com/uc?export=view&id=1xZbSqim9b25eokoAiMmDTU3KBBWQkfVz
2026103130008,https://drive.google.com/uc?export=view&id=1x8GL6_eq35sgpX8OdWMnXD17_1BQfIVP
2026103130014,https://drive.google.com/uc?export=view&id=1dcXxVs9XgCCXChtidoKkb0jRjk6-6Q0K
2026103130016,https://drive.google.com/uc?export=view&id=
2026103130108,https://drive.google.com/uc?export=view&id=1W-PDiPvGUe-Xiod-xnCBD_Nq8nHgZs71
251062600045,https://drive.google.com/uc?export=view&id=1ZImLzzMG7h0G5dXWy0oYVrA5i8XGZNXO
2026103130047,https://drive.google.com/uc?export=view&id=122kKxMUyoyAHpFtcI5xq-CFNiaB5OE6b
2026103130007,https://drive.google.com/uc?export=view&id=1dB8IEc0sqeIQjou-9r95WlW3oJtPZ1BW
2026103130066,https://drive.google.com/uc?export=view&id=130ohoUyIrHFb6BZMYU5nDmKvK7jb0wsv
2026103130065,https://drive.google.com/uc?export=view&id=1IRauDqhiaQa0cqacrjnbLXx5rz58-8-T
251062600059,https://drive.google.com/uc?export=view&id=
2026103130012,https://drive.google.com/uc?export=view&id=19AdevrcKRiz-y6TEs0EX7H5km9j8i05t
2026103130138,https://drive.google.com/uc?export=view&id=15eFqShxcRQ7aAKksiLwTWthCfqnyj5LF
2026103130129,https://drive.google.com/uc?export=view&id=11WxQ47KTvDCkQsSdqPgudfRYWmCkRyJI
2026103130003,https://drive.google.com/uc?export=view&id=1_AsneKUJSazsMN22k0I1Tndqia9ekmaC
2026103130034,https://drive.google.com/uc?export=view&id=1pYiyx_Y8Fml6itRYaeP-qRPB9xYNE9ZO
2026103130052,https://drive.google.com/uc?export=view&id=102f3gW2VrBV2gJbK0wVO2WZBdD11PqoD
2026103130043,https://drive.google.com/uc?export=view&id=1Mb2TvowtmkTSZMXlau1tpCA-lizxZE36
2026103130090,https://drive.google.com/uc?export=view&id=1JQyyXn5Ro5QC-i0qq7YGcYQhx-oqmo8N
251062600098,https://drive.google.com/uc?export=view&id=1VTZouyJbSRL0zN2OJXgjXUkAGmoOiyhy
2026103130100,https://drive.google.com/uc?export=view&id=1mbEM3lFfYGNqfR8c5VSKqpH4DzUuvLcM
2026103130112,https://drive.google.com/uc?export=view&id=1sD8UTN0mi29MYDxQqW8fwEAbF-gb6FfO
2026103130077,https://drive.google.com/uc?export=view&id=1GEnNT_PfqLc204yhxxOFvGAH51M_AQRv
2026103130097,https://drive.google.com/uc?export=view&id=177E4f_txCpHptcrD938HAfZnWDDK8k9A
2026103130076,https://drive.google.com/uc?export=view&id=1kzdUzkLfpBuyjiL7dl05R9zKIi9orgsF
2026103130089,https://drive.google.com/uc?export=view&id=1jXV0TVvRVNUxGj8G9zFHNjk2O8o-WJuQ
2026103130054,https://drive.google.com/uc?export=view&id=1IJoPDAOJEUrZ3x5sahiL3uARFE6r03Q6
2026103130022,https://drive.google.com/uc?export=view&id=1MlhfRZ9RRtaci5bx3dy0CPZEgPYfAwT0
2026103130086,https://drive.google.com/uc?export=view&id=1kqmrH0hVAB1eSGn3vTWu8h6Zmj4es7xp
2026103130041,https://drive.google.com/uc?export=view&id=
2026103130039,https://drive.google.com/uc?export=view&id=1mYIxlEXuRvVuuO3bJhfPHaUve7dSA6DX
2026103130028,https://drive.google.com/uc?export=view&id=1x7olEiMYg92jD9JzK-lhnmX1JjhBhuCS
2026103130082,https://drive.google.com/uc?export=view&id=1iYGC13YrB9I22CXLRlCkLcEbEITpYeQc
2026103130055,https://drive.google.com/uc?export=view&id=
2026103130111,https://drive.google.com/uc?export=view&id=1Lwfyc6IICPdawYqY4rRuSV06hyb-Tvss
2026103130125,https://drive.google.com/uc?export=view&id=1Dna9lLIFUq83-tcwse0mOzrjl7cDUyw8
2026103130136,https://drive.google.com/uc?export=view&id=1Olp9Bvh60etbSnYyJN37WTuFbGTqd_nY
251062600081,https://drive.google.com/uc?export=view&id=16HP2yYlU0Bzz3Ss3HcW6po-rpXp9g-xs
2026103130101,https://drive.google.com/uc?export=view&id=1CpkXpSdrCPlMMN6oSvlTz5n26f7oy8Xz
2026103130106,https://drive.google.com/uc?export=view&id=
2026103130058,https://drive.google.com/uc?export=view&id=1hWqOQYIK7FYZltmBzcGdvKHn2WryxLSr
2026103130119,https://drive.google.com/uc?export=view&id=1zQWEBhhVWtUJKfFt-q7ouLL8FWU5beD6
2026103130081,https://drive.google.com/uc?export=view&id=1bL-1BpkVVPxATp-BMv3wbuvy0rOlRTNO
2026103130051,https://drive.google.com/uc?export=view&id=1RjfNVh8_t-mH3izGT4UQoUrqJIqaCcVa
2026103130068,https://drive.google.com/uc?export=view&id=1Ny4c8KsY-_EU6FjZruFHpoq8YoPmOyK1
2026103130027,https://drive.google.com/uc?export=view&id=1lYkzVNSeygGk6ue4uwUhhmPo8RQNWcEJ
251062600042,https://drive.google.com/uc?export=view&id=16pTPwqERbkucUItHymOYIv9KDvx4bmtb
2026103130109,https://drive.google.com/uc?export=view&id=1oS5YyrkH82Dezocp_R6CaS5r4b-Ecify
2026103130062,https://drive.google.com/uc?export=view&id=160kTqoZJgpLe-IGzDpJauLG0dQimXQy3
2026103130049,https://drive.google.com/uc?export=view&id=1a8ZLoPC43McELoryDZaCATH7gOlsV8Up
2026103130131,https://drive.google.com/uc?export=view&id=
2026103130011,https://drive.google.com/uc?export=view&id=1EiodluS_N4whvA-MLqHX0AFJsGV5sXaZ
2026103130085,https://drive.google.com/uc?export=view&id=1XoZrlu0uyRT4Gzge_YgqG-5UpZkzQPbk
2026103130124,https://drive.google.com/uc?export=view&id=17Hp2ZTQip1bi-k10eI9TVegsST3C8fG-
2026103130030,https://drive.google.com/uc?export=view&id=1uAqXr_mfxOrCmVeyDg5nIJJcZkN5BuuT
2026103130095,https://drive.google.com/uc?export=view&id=1kJej8Te-rTxMiWGR3PWCB92iBNUM_Egq
2026103130107,https://drive.google.com/uc?export=view&id=1SdXvDSYh2Chtc1Rstya_BNwNsT1M0lyQ
2026103130024,https://drive.google.com/uc?export=view&id=1TvjPqlMeLXGuFRR5kD_VoM4ADNiBnBK0
2026103130080,https://drive.google.com/uc?export=view&id=
251062600078,https://drive.google.com/uc?export=view&id=1U_9oEH3AI4MpN1Kn2KKNAzwa4cS4wcFk
2026103130038,https://drive.google.com/uc?export=view&id=17k6DcxlI4dHjN3EkulXtjSvRw0NU6Te7
2026103130044,https://drive.google.com/uc?export=view&id=1-5CTbpiyXug6BbQNJJjgp8-cIb_KsBQJ
2026103130053,https://drive.google.com/uc?export=view&id=1a4A4_VtM1mRhxLyB2LSfyo0We9RI3JLU
2026103130128,https://drive.google.com/uc?export=view&id=1ACeI4dFxq7PrnlVNR2aVz5XpzcPFtnvh
2026103130092,https://drive.google.com/uc?export=view&id=1ACoRFPp4naugEspTsBnhHXkNdveCCaVR
2026103130127,https://drive.google.com/uc?export=view&id=1MNXeRZ156TY1sUEQZ4QiAVz7pvSaX8la
2026103130056,https://drive.google.com/uc?export=view&id=1p92Zgfz4fc8O3VieCQ2c0sWbGuOomcPo
2026103130121,https://drive.google.com/uc?export=view&id=
2026103130015,https://drive.google.com/uc?export=view&id=1NcwzO8UmKJp5tm6cNHDFtSzc5W8I8ohp
2026103130042,https://drive.google.com/uc?export=view&id=1FU4nfOJNRuuSC3iChIeSShCJCNebzUmv
251062600003,https://drive.google.com/uc?export=view&id=1vpdXeyysoBchuLYTeVYmO33n_w-95SuI
2026103130045,https://drive.google.com/uc?export=view&id=1vcOCQHjOQL4WeeE6jvLuFjuT3YieWMiL
2026103130123,https://drive.google.com/uc?export=view&id=1C8PxrgF3iCOJzXmpu5q5m_Mg2ty4CSgT
2026103130021,https://drive.google.com/uc?export=view&id=1r2Y5A1jD-k-JgxLBcqKI78vYsDI_H795
2026103130132,https://drive.google.com/uc?export=view&id=1f8qB5QIXu8sh4HIAalT-P5vTWm8WEEKb
2026103130019,https://drive.google.com/uc?export=view&id=1rSYwTuhyC74BXQXh50bgMnP76xmpKQ3A
2026103130096,https://drive.google.com/uc?export=view&id=1a4qMxjlmCOo8DD86BVB730Gv5s9gBtfZ
251062600090,https://drive.google.com/uc?export=view&id=1Qpe6EznRP09sqPCM5YZ6sOJX4Yc-rttY
2026103130048,https://drive.google.com/uc?export=view&id=1HyhzFRKuxfv-ltydrdAeLzzPtrj8cyg1
2026103130135,https://drive.google.com/uc?export=view&id=112dGGrZ8iqm6lzrRLvXBi4bxbbfvF6aA
2026103130002,https://drive.google.com/uc?export=view&id=
2026103130091,https://drive.google.com/uc?export=view&id=1HF4VMnITll4xd0RPeX26Ie1aMVCRM9mT
2026103130104,https://drive.google.com/uc?export=view&id=1bacmhuVXxwINNEKasQwZf_zqg82cohSX
2026103130103,https://drive.google.com/uc?export=view&id=11UPh7moCmoxmAq0qfD9Hcv6JEWLUMZoy
2026103130075,https://drive.google.com/uc?export=view&id=1nuMyKgUYGDWgq_s4NfQP0VUfCtme3d9h
251062600018,https://drive.google.com/uc?export=view&id=18_Fz_3n5nJ11pzxo5SJGTpbLzuRsjOHq
2026103130069,https://drive.google.com/uc?export=view&id=1NkvVlpin-vkb_2KRbaAQJIJLFbjXheZM
2026103130061,https://drive.google.com/uc?export=view&id=1HTiI5htJbPJ6YfIchKhzyDZljsC1mwZZ
2026103130064,https://drive.google.com/uc?export=view&id=1aYZsMTPs6W-8Cbot5Bs24noeWJsJZ2fQ
2026103130040,https://drive.google.com/uc?export=view&id=1e-HRuR5kvdlTEqvmh7vIlK4VhUMxAGmh
2026103130001,https://drive.google.com/uc?export=view&id=1sdb37OstY5DZLywPkm10pHN2-zER4KF2
2026103130078,https://drive.google.com/uc?export=view&id=1gVMJ9woSetOdMvtlYY3To5fVgukPEDbp
2026103130087,https://drive.google.com/uc?export=view&id=1hHzoqUUsIC8KN99Rpy3LvS1KiwZFqB64
2026103130057,https://drive.google.com/uc?export=view&id=1XJjy_oe-rrVCBMoosSO3NnMMtkGbFqEi
2026103130060,https://drive.google.com/uc?export=view&id=1erMWj3MpXhYrFHGy9t76-rOnBc-s7EVs
2026103130010,https://drive.google.com/uc?export=view&id=1hlhU4DvS0r9mjrFyapK_dFRb-hf1Zgnj
2026103130084,https://drive.google.com/uc?export=view&id=
2026103130018,https://drive.google.com/uc?export=view&id=1E710icRXt1sE9zHEOxiNWu9I0axhDjO4
2026103130037,https://drive.google.com/uc?export=view&id=125C_1NB1Fqw6AMAVZPNx8BZe2Et-WVLK
2026103130067,https://drive.google.com/uc?export=view&id=1OG1Nw53APVkelka-tH5Wj2_pY_3vh7kO
2026103130102,https://drive.google.com/uc?export=view&id=1EshiZKkB9UbLxCTwTbDhTYbIynFcn1Nh
251062600052,https://drive.google.com/uc?export=view&id=1VSBm3lYeFB46umyyz_A7OyJNESYJI5vX
251062600010,https://drive.google.com/uc?export=view&id=1rB6QuLsGWA0DgyzL_Y0MYoVlWjq8xoin
251062600029,https://drive.google.com/uc?export=view&id=1jcEk0vOPaX4aRJkVk3MAEPbHldWQY4Ut
251062600096,https://drive.google.com/uc?export=view&id=1nkajwSdgavkUp_V2QvZDCNq0F9_UmAKh
251062600097,https://drive.google.com/uc?export=view&id=1D4j3jSlFwz6Ec7UAC3HNMdmThVouK940
251062600050,https://drive.google.com/uc?export=view&id=1zV5vbVoNwimuTO9iMyvXRGvFZ9eA2PtJ
251062600074,https://drive.google.com/uc?export=view&id=16jepe2t2LYwYrr7sABfxojW19z7ogOYS
241062600037,https://drive.google.com/uc?export=view&id=1GtIudWWdUtBFAjwXV8nPZ2Kctu5y_lnV
251062600088,https://drive.google.com/uc?export=view&id=10x0YxNLuxyPN39bIF3C-UG-Plzx7rzxx
251062600022,https://drive.google.com/uc?export=view&id=1ICYC5N5Z1r6Fm2lV0hS1MBLaKuUaPgH1
251062600048,https://drive.google.com/uc?export=view&id=1-kMlDU7HMoa2qvz3rOaEKM8rvE0AVkFV
251062600026,https://drive.google.com/uc?export=view&id=1tSgYPjL5knCttSiNbjcCKk8KUR13Q0i-
251062600066,https://drive.google.com/uc?export=view&id=1Cqu5rqyqMCc9pwYl3BsJUXn6fb6WFD2m
251062600008,https://drive.google.com/uc?export=view&id=1p27UegA6IVub9mavV4FWMAgjCvRNNkkB
251062600005,https://drive.google.com/uc?export=view&id=
251062600002,https://drive.google.com/uc?export=view&id=1Ttct595q93ufCAT4iX2q0bNKHTJXlU6n
241062600070,https://drive.google.com/uc?export=view&id=1VZcW27wmIDLjk1pcxKxGm7meFR2zZ0En
251062600027,https://drive.google.com/uc?export=view&id=1qwBJpIdMOTmsvYd-h-4vDy_sb8jjCX9W
251062600095,https://drive.google.com/uc?export=view&id=1EgVyfeZj5uTqIjn2bZYvdYpz0BaWJgqy
251062600032,https://drive.google.com/uc?export=view&id=16s07Lz_-HFVdmJk86K7fkLp8b_vWyLsf
251062600079,https://drive.google.com/uc?export=view&id=1JD0qhVL3GLASSbqiD0prJ3NONyq59m7U
251062600019,https://drive.google.com/uc?export=view&id=1W2-5u8oyuGXVnFQTACermlgLiDVnSGx8
251062600054,https://drive.google.com/uc?export=view&id=1C8e5YY8sSz-B5ccdzoCG24VSwafzb6MY
251062600035,https://drive.google.com/uc?export=view&id=1tsfcV_v_Ydm9a8O8M3MEbaikLGGhfA64
251062600028,https://drive.google.com/uc?export=view&id=1C5hvuc3w7X8qva2VhiDGDKd9efZF3E44
251062600038,https://drive.google.com/uc?export=view&id=1-90QJOjSJQRCdSUPi4unl_i7SdzkfQGb
251062600015,https://drive.google.com/uc?export=view&id=1FIcWuYe1qzvVWO9YXDy2iT7bSrQ2SoxP
251062600023,https://drive.google.com/uc?export=view&id=1lvL6qhdCAFeZCyPJDOTbB92rFbZt7q-Y
251062600083,https://drive.google.com/uc?export=view&id=1ftIw4wgSw4nkf7c5DcHb9mcBQOD5PCJ0
251062600041,https://drive.google.com/uc?export=view&id=15CAFbl3dN9XjQFngxLxPuddbR7ROFQkY
251062600087,https://drive.google.com/uc?export=view&id=1-K07bRWXyeZeNiZbfIFl1tjR5xTUASg9
251062600033,https://drive.google.com/uc?export=view&id=187k0xBFbGR9F5i4JUG2iV2iQLdMQtslL
251062600007,https://drive.google.com/uc?export=view&id=15VFp6zgenJWtPLomz3K5A59HH8kIst0t
251062600046,https://drive.google.com/uc?export=view&id=1p32_vSYhgzqtfEopCsEnldiXgE1ZroCe
251062600056,https://drive.google.com/uc?export=view&id=1pTKpNgIsxjhzJ26JLbzwGVDDRhEOvKSt
251062600024,https://drive.google.com/uc?export=view&id=1qcsh6cBSa6ScMo7LnkCFgcbJRG1wCZUT
251062600061,https://drive.google.com/uc?export=view&id=1IkLr91gtbT9HLuJCxlm6YPVo_01AN57D
251062600099,https://drive.google.com/uc?export=view&id=1CmG0SEQsNofD70C7BDi4iu7OSu2G3-SF
251062600077,https://drive.google.com/uc?export=view&id=1lIZIqWf-CkO_4d4YoW8876Wd6bHbF6fb
251062600001,https://drive.google.com/uc?export=view&id=1NVKWEv0yF3ZZiEdOY_JwXK5rpjsoyVcG
251062600036,https://drive.google.com/uc?export=view&id=1gedSgnwrYeiH8u12Uh1sXpXUlwrvkvo6
251062600065,https://drive.google.com/uc?export=view&id=1E8R2fQJWXIhyVSH9nP-JTIhLoSa_V_qj
251062600055,https://drive.google.com/uc?export=view&id=1o4-zFDnuX1mw9FKZEcpXYz0UIQXO0mhJ
251062600014,https://drive.google.com/uc?export=view&id=1buX7F7ECkPKLbWBJjjcrENZF23TU5H8S
251062600080,https://drive.google.com/uc?export=view&id=1eTpyyM18538lVGRY-o6GRwOiwYlBNBWc
251062600062,https://drive.google.com/uc?export=view&id=1FGMd28SfaS1b0TYS4B_VBZulNmqJHOv_
251062600071,https://drive.google.com/uc?export=view&id=1ARTqUkUY46kb2P01TMn2F1WKAhnClKGT
251062600064,https://drive.google.com/uc?export=view&id=1MsYDzVQjNGjxTC3M2vz-1MqIL5LQddGA
251062600051,https://drive.google.com/uc?export=view&id=1cChkMYWMdRxDnHRTMI9bX--RdFkPjjJZ
251062600030,https://drive.google.com/uc?export=view&id=1Q1WQL0tm_VxtCmSyfnezjKywo9-MwdNJ
251062600060,https://drive.google.com/uc?export=view&id=19Nmc6_0ZSiec_FPj2nO3R9g8Ox0EBPAE
251062600047,https://drive.google.com/uc?export=view&id=1Qq82qGHgP69nltMMwmMj4ToXPR1mTRDL
251062600009,https://drive.google.com/uc?export=view&id=1yojZw4eB2lUKv82_BsVBW-rWoc12OrF7
251062600004,https://drive.google.com/uc?export=view&id=1jHnKbD6sAKjIiVql80_C1C53_pwCFMeN
251062600057,https://drive.google.com/uc?export=view&id=1oktU2Uh4s610JvkHMEce5W68pmjfgrc-
251062600082,https://drive.google.com/uc?export=view&id=1qqMRVOpRG_mIDiL9tFM2gDEAGdnsfOo3
251062600020,https://drive.google.com/uc?export=view&id=1wI9rEEW6hhL1dBtARB7NUVBbkz0M2OKD
251062600067,https://drive.google.com/uc?export=view&id=1IOGsPrOYPmsgZYzipwOGRpBmLukMTnIN
251062600017,https://drive.google.com/uc?export=view&id=15VVW8IsMKT8bDzpaKoOZ3dUSuuYrAUEo
251062600085,https://drive.google.com/uc?export=view&id=1TtcN_IXo5nq8xaNAOcWLzy4q5jEch0iK
251062600053,https://drive.google.com/uc?export=view&id=1jA1S8MYBwtoTeYsgK6tLNRuN8JvmYcZU
251062600093,https://drive.google.com/uc?export=view&id=199O_zDELCvfGghMjXZ6-QP-qRd1ny8Bh
251062600058,https://drive.google.com/uc?export=view&id=
251062600089,https://drive.google.com/uc?export=view&id=1A-PdW0095kePqk8oRLQU4-cIhGC9SFaY
251062600044,https://drive.google.com/uc?export=view&id=1VHj31z4t3brKpI7bgJ4bROdAhdKJy0qj
251062600043,https://drive.google.com/uc?export=view&id=12Ebw0o8Ntq8x3s9Hi1ZgrkvgKPxa_j4Y
251062600086,https://drive.google.com/uc?export=view&id=1edgOP1RmHj-8NJjpuj8EiYCDnCNWzOXh
251062600073,https://drive.google.com/uc?export=view&id=1vKaqzYm40CO--4y7YqhFSn5uHwOIKpij
251062600013,https://drive.google.com/uc?export=view&id=1wrTS9XspQ7J45_ofdUEUFyQHqEpg9mto
251062600072,https://drive.google.com/uc?export=view&id=1OyQiBq44efr71eBzpFYxcrnqUqP5l5kZ
251062600100,https://drive.google.com/uc?export=view&id=1l-Yl07zfxNz6WlZODdLKkdoQCzw5O-8a
251062600094,https://drive.google.com/uc?export=view&id=1NHvsBLo1EjrwAAarbOfOSMKy90bnWtMj
251062600092,https://drive.google.com/uc?export=view&id=1yF_SThnzfx2QHxRSwXKC1OLu-lSYB3h8
251062600076,https://drive.google.com/uc?export=view&id=1nIo2kewdDYUY9ueyN5P_mglP8aPv7zn5
251062600049,https://drive.google.com/uc?export=view&id=18JhMwd9Fq6OzUpm3WEA81Nz3IgmbSF2x
251062600063,https://drive.google.com/uc?export=view&id=18iCORLNWNhgt2cF1mmt8iC7ROY-Pv1t3
251062600102,https://drive.google.com/uc?export=view&id=1QrJnvqec1Bxz9O50NR1n6RcZoV9hmPNm
241062600096,https://drive.google.com/uc?export=view&id=1pf70YdosbPoy4SpV3Iz2s4kvQ3OBQYF-
251062600012,https://drive.google.com/uc?export=view&id=1DVZ62xSuI43HREUqsun3vcdLaRAXZ_rX
241062600081,https://drive.google.com/uc?export=view&id=1-oLGZ6wN-YsY-dXHLGHCyibBIke4uPOA
251062600016,https://drive.google.com/uc?export=view&id=1aruqNevOt5WJz8Qh2CD6kD7UK2F9Id9V
251062600021,https://drive.google.com/uc?export=view&id=1HOl19-pS2kgZvB9ZE8i8dxyq2yv85J0w
251062600034,https://drive.google.com/uc?export=view&id=1kq2WfoqhEkxx9o8tl4v9RlCEoTozkufc
241062600064,https://drive.google.com/uc?export=view&id=
241062600029,https://drive.google.com/uc?export=view&id=1jM9A3ds2SfAHV27J2ad7uRJPuTbdqZsu
241062600013,https://drive.google.com/uc?export=view&id=1J3OJZFU-AwyaMY5hyZuAiZh02EyhOhgP
241062600083,https://drive.google.com/uc?export=view&id=1msjwVTvLhAmJnAl0ImEFV9wdHN3ZcVrP
221062600080,https://drive.google.com/uc?export=view&id=1nroS4tIyWgJP5KIa4FFPLrdm71d76vYR
241062600095,https://drive.google.com/uc?export=view&id=16KarLmVx9r7ulQOLXyuzqAYPlfFlkXAe
241062600002,https://drive.google.com/uc?export=view&id=1KnH_YK5-INJRTVDanoPn7mdS-KPZmUqp
241062600011,https://drive.google.com/uc?export=view&id=14ECklrw9d0RJDsCKqMei-buQB1pS2SoR
241062600016,https://drive.google.com/uc?export=view&id=1_6VC0H4lvBS6vDJbSS1amCG1VF6Pu8Bk
241062600048,https://drive.google.com/uc?export=view&id=10le0BSZRwPZYKnSOEf6EfizO8POBRarn
241062600035,https://drive.google.com/uc?export=view&id=1nJSteRnZ7BkSdbFWfGaJZMD75VrsLgaq
241062600008,https://drive.google.com/uc?export=view&id=1_kA4i7EpPHhAha23hOF-RTbZbQPYSE7X
241062600054,https://drive.google.com/uc?export=view&id=1btLWz8ImI7Yn5Ux3bHRjpOVbGGeCsdhG
241062600060,https://drive.google.com/uc?export=view&id=1gLa6bi0T7eg_ePR_iGVeumeAx5tleMw9
241062600019,https://drive.google.com/uc?export=view&id=1KQUJSsr-35zxS0xbO0ukB16LjhhXepRn
221062600114,https://drive.google.com/uc?export=view&id=1cMuMR4yd9UVb3UwUT4ZAHfoM4f9HlUXa
241062600059,https://drive.google.com/uc?export=view&id=1CXGBKFpkokM0t1jFwLsRW8RgijUHWLzx
241062600036,https://drive.google.com/uc?export=view&id=1YdojwLUyWgR1QwxUnSkab-3by3YkwaSS
241062600082,https://drive.google.com/uc?export=view&id=1aE-8XH4oCgScUQHtE65E0RkjpQ2aQPaS
241062600073,https://drive.google.com/uc?export=view&id=1E-apa8RFUmBuNXz9OA5LMjfP-qs2n0o7
241062600087,https://drive.google.com/uc?export=view&id=1g_MlvwCP3OGZjCSIGfBfEKai7iou3UHF
241062600007,https://drive.google.com/uc?export=view&id=1UryGJvVurU6C6K0ZmFcw67hrE3mAQArb
241062600069,https://drive.google.com/uc?export=view&id=1dyU0QGDX-CPAZpS1Nus3fJqMUjEubuFY
241062600022,https://drive.google.com/uc?export=view&id=1GiwQWWIGFGzMpsWXMzeSujr5l7butpQZ
241062600053,https://drive.google.com/uc?export=view&id=1Li--DMBkL9ptdu1T_DFSnoz_9XW7FJ9R
241062600068,https://drive.google.com/uc?export=view&id=1ojGUOQn680cpimkaE4EYvcdzU2q8Ge-B
241062600100,https://drive.google.com/uc?export=view&id=1w3iEnSpTpBwjaxzAX_eDhJ1cNF0o5J0E
241062600093,https://drive.google.com/uc?export=view&id=1zn593zrbH9GTeITtqsoqQyfh5zQ8BJyT
241062600021,https://drive.google.com/uc?export=view&id=18xUG5VPJaGyE5959BrkH_MkjSanq5cBV
241062600099,https://drive.google.com/uc?export=view&id=1sxmNAo60KnSbjgl_R-u5b3NPJPSIGiEo
241062600047,https://drive.google.com/uc?export=view&id=1RRmoG9EXPBLeMq_wOazSNNs55dA_hkCg
241062600103,https://drive.google.com/uc?export=view&id=1eKr8Nj8ZhEm6zbJCKvYMqhbbuV0I6DS9
241062600041,https://drive.google.com/uc?export=view&id=1vAA1ZxmGwePUgEcufNBQ-CAsFu_5nAIr
241062600091,https://drive.google.com/uc?export=view&id=1EbwHxEBSihl_uLMkznNmbW8D_re18K9Z
241062600043,https://drive.google.com/uc?export=view&id=1jExdXFyPcMSIvbHF44AAxOZkhVSaSDer
241062600020,https://drive.google.com/uc?export=view&id=1f7kQBskyfVN5n0awBTFnfxPywepiDDx5
241062600014,https://drive.google.com/uc?export=view&id=1UIjDFzzvAUqHsAXtlOYdX84rPI1Cg49-
241062600061,https://drive.google.com/uc?export=view&id=1cQiep56tlVrZbeAOUyAfL1l9ihuEEDF8
241062600057,https://drive.google.com/uc?export=view&id=1PSw4DUMfqJbwACAMQO-3v6a2TNmhOX2v
231062600041,https://drive.google.com/uc?export=view&id=1DUYKvWpRPTZAmxt1usgWlRNBeAUT75oc
241062600063,https://drive.google.com/uc?export=view&id=1hR9UNkPDt4CrEpxc9WNTlJr2d8tTHsjR
241062600065,https://drive.google.com/uc?export=view&id=1bGr0ymK-tNBBVNScXsIgLqmuVO73hROh
241062600056,https://drive.google.com/uc?export=view&id=1kuqIva4ZpA-UYruf77sakzYBDezoJddS
241062600025,https://drive.google.com/uc?export=view&id=1J56THl9wcZuC6hPNIZo_NhPmDX6ABKtj
241062600051,https://drive.google.com/uc?export=view&id=1qhv8J2nlTJyjeC-Wbt7cyjk6j4lmrU7N
241062600033,https://drive.google.com/uc?export=view&id=1VXrjd3Y9C9l183cpzp2C_VOyxA7nbP6s
241062600055,https://drive.google.com/uc?export=view&id=1nXQVDD3s2yxGwMK3KoCbNnStuth-Ou1v
241062600017,https://drive.google.com/uc?export=view&id=1jbOWSVfCcb9zuNKXwni338EQ8TOl9R5F
241062600067,https://drive.google.com/uc?export=view&id=1cERsQX3GO1og6nf-BH2qsTYky19bbJMa
241062600032,https://drive.google.com/uc?export=view&id=18Zqd00KhZeHiWIkTKHDjOZ1FomyZBmOM
241062600077,https://drive.google.com/uc?export=view&id=1XOad6XVQgvf74pUhQbq7MMEZCO_9KsAx
241062600101,https://drive.google.com/uc?export=view&id=1jc4eCPdAru3n55nTyaXWojSyGufVsUGk
241062600005,https://drive.google.com/uc?export=view&id=1QSQ68t1YxWq7qajbj56UkGC1xYICMGW6
241062600058,https://drive.google.com/uc?export=view&id=1FY8lauhI6XUwJsPF6_Xch8W_2D7f3eX1
231062600086,https://drive.google.com/uc?export=view&id=1nU4RpdGaqzpCzpVGkIoXoyG3VDWywGDc
241062600004,https://drive.google.com/uc?export=view&id=1RVtANj0jiLvhwu2axf4C0nlKbN7UosQi
241062600030,https://drive.google.com/uc?export=view&id=13Sb-ouzhw8StqpwavjAhih476gc98BS9
241062600089,https://drive.google.com/uc?export=view&id=1Nue1ninEIKJqi_KF9COyXvBA8sYKRTb7
241062600085,https://drive.google.com/uc?export=view&id=18ojFyXQCymStK4112O-d5cTEPqIi0jOK
231062600095,https://drive.google.com/uc?export=view&id=1MCG6QeocWGEyY1F_IY-L9ql7kl4wXix8
241062600006,https://drive.google.com/uc?export=view&id=1YKnVqFCUCctEdiCCrTQ6p7P01v84PrVD
241062600066,https://drive.google.com/uc?export=view&id=1zEAunzCDT_C1gWtGISLJG6i09aZMCacf
241062600098,https://drive.google.com/uc?export=view&id=12xHOUDbk3NBjqmq0qXJ0kg67VTColZnr
241062600072,https://drive.google.com/uc?export=view&id=1IQfjyZUE-vLXz0GUXdRhTVtklFYfICYV
241062600001,https://drive.google.com/uc?export=view&id=1eZEmGZa_j9_tGHrBMhltzwaTqkshBlyX
241062600078,https://drive.google.com/uc?export=view&id=1lsr2UVAbAl7KA2KQrqIWjd5zoMmbaehb
241062600074,https://drive.google.com/uc?export=view&id=1S_KEOcKqRvmvNp78sgYPK1dL7xwJA9IO
241062600090,https://drive.google.com/uc?export=view&id=1pXvIy-jQ7oabNzCxzmmfE_2jnG7KxOU6
241062600062,https://drive.google.com/uc?export=view&id=1ZbM1ZLTef3U5VM9-z-nFEDf79ZpJxx8-
241062600023,https://drive.google.com/uc?export=view&id=1G2AoYDN2RWNwtFWBkmhUe94F_tnAORQy
